Sample,Population,Count
abh100,EUR,60
abh107,EUR,57
ALB212,EUR,47
Ale14,CAS,59
Ale20,CAS,54
Ale22,CAS,59
Ale32,CAS,62
altai363p,CAS,65
armenia293,EUR,68
Armenian222,EUR,61
AV-21,EUR,56
Ayodo_430C,AFR,83
Ayodo_502C,AFR,69
Ayodo_81S,AFR,65
B11,SAS,67
B17,SAS,59
Bishkek28439,CAS,62
Bishkek28440,CAS,70
Bu16,EAS,67
Bu5,EAS,79
BulgarianB4,EUR,53
BulgarianC1,EUR,78
ch113,EUR,75
CHI-007,EAS,73
CHI-034,EAS,63
DNK05,AFR,81
DNK07,AFR,65
DNK11,AFR,77
Dus16,OCN,68
Dus22,OCN,63
Esk29,CAS,62
Est375,EUR,60
Est400,EUR,55
HG00096,EUR,70
HG00097,EUR,69
HG00099,EUR,70
HG00100,EUR,80
HG00101,EUR,69
HG00102,EUR,63
HG00103,EUR,73
HG00105,EUR,67
HG00106,EUR,70
HG00107,EUR,81
HG00108,EUR,61
HG00109,EUR,62
HG00110,EUR,68
HG00111,EUR,72
HG00112,EUR,66
HG00113,EUR,74
HG00114,EUR,65
HG00115,EUR,85
HG00116,EUR,76
HG00117,EUR,59
HG00118,EUR,66
HG00119,EUR,66
HG00120,EUR,70
HG00121,EUR,65
HG00122,EUR,71
HG00123,EUR,84
HG00125,EUR,68
HG00126,EUR,73
HG00127,EUR,72
HG00128,EUR,67
HG00129,EUR,64
HG00130,EUR,75
HG00131,EUR,74
HG00132,EUR,69
HG00133,EUR,71
HG00136,EUR,73
HG00137,EUR,69
HG00138,EUR,78
HG00139,EUR,66
HG00140,EUR,76
HG00141,EUR,61
HG00142,EUR,53
HG00143,EUR,68
HG00145,EUR,68
HG00146,EUR,65
HG00148,EUR,65
HG00149,EUR,70
HG00150,EUR,60
HG00151,EUR,66
HG00154,EUR,63
HG00155,EUR,73
HG00157,EUR,67
HG00158,EUR,70
HG00159,EUR,73
HG00160,EUR,66
HG00171,EUR,71
HG00173,EUR,62
HG00174,EUR,77
HG00176,EUR,67
HG00177,EUR,74
HG00178,EUR,57
HG00179,EUR,71
HG00180,EUR,64
HG00181,EUR,65
HG00182,EUR,77
HG00183,EUR,70
HG00185,EUR,72
HG00186,EUR,74
HG00187,EUR,62
HG00188,EUR,74
HG00189,EUR,70
HG00190,EUR,74
HG00231,EUR,74
HG00232,EUR,77
HG00233,EUR,81
HG00234,EUR,63
HG00235,EUR,60
HG00236,EUR,70
HG00237,EUR,78
HG00238,EUR,69
HG00239,EUR,73
HG00240,EUR,70
HG00242,EUR,72
HG00243,EUR,63
HG00244,EUR,69
HG00245,EUR,70
HG00246,EUR,86
HG00250,EUR,68
HG00251,EUR,74
HG00252,EUR,69
HG00253,EUR,74
HG00254,EUR,75
HG00255,EUR,64
HG00256,EUR,61
HG00257,EUR,64
HG00258,EUR,73
HG00259,EUR,74
HG00260,EUR,62
HG00261,EUR,66
HG00262,EUR,64
HG00263,EUR,72
HG00264,EUR,66
HG00265,EUR,82
HG00266,EUR,68
HG00267,EUR,75
HG00268,EUR,63
HG00269,EUR,72
HG00271,EUR,72
HG00272,EUR,68
HG00273,EUR,72
HG00274,EUR,74
HG00275,EUR,66
HG00276,EUR,65
HG00277,EUR,66
HG00278,EUR,73
HG00280,EUR,82
HG00281,EUR,69
HG00282,EUR,67
HG00284,EUR,82
HG00285,EUR,72
HG00288,EUR,66
HG00290,EUR,73
HG00304,EUR,69
HG00306,EUR,55
HG00308,EUR,70
HG00309,EUR,60
HG00310,EUR,66
HG00311,EUR,76
HG00313,EUR,61
HG00315,EUR,81
HG00318,EUR,67
HG00319,EUR,53
HG00320,EUR,71
HG00321,EUR,71
HG00323,EUR,76
HG00324,EUR,71
HG00325,EUR,69
HG00326,EUR,93
HG00327,EUR,64
HG00328,EUR,62
HG00329,EUR,72
HG00330,EUR,65
HG00331,EUR,77
HG00332,EUR,72
HG00334,EUR,67
HG00335,EUR,66
HG00336,EUR,66
HG00337,EUR,67
HG00338,EUR,75
HG00339,EUR,81
HG00341,EUR,76
HG00342,EUR,70
HG00343,EUR,78
HG00344,EUR,65
HG00345,EUR,70
HG00346,EUR,77
HG00349,EUR,77
HG00350,EUR,75
HG00351,EUR,71
HG00353,EUR,72
HG00355,EUR,80
HG00356,EUR,64
HG00357,EUR,62
HG00358,EUR,64
HG00360,EUR,65
HG00361,EUR,74
HG00362,EUR,59
HG00364,EUR,77
HG00365,EUR,72
HG00366,EUR,78
HG00367,EUR,78
HG00368,EUR,67
HG00369,EUR,60
HG00371,EUR,76
HG00372,EUR,65
HG00373,EUR,71
HG00375,EUR,74
HG00376,EUR,80
HG00378,EUR,73
HG00379,EUR,76
HG00380,EUR,70
HG00381,EUR,78
HG00382,EUR,60
HG00383,EUR,70
HG00384,EUR,73
HG00403,EAS,77
HG00404,EAS,83
HG00406,EAS,88
HG00407,EAS,85
HG00409,EAS,67
HG00410,EAS,79
HG00418,EAS,80
HG00419,EAS,80
HG00421,EAS,78
HG00422,EAS,73
HG00427,EAS,92
HG00428,EAS,72
HG00436,EAS,84
HG00437,EAS,82
HG00442,EAS,72
HG00443,EAS,76
HG00445,EAS,79
HG00446,EAS,79
HG00448,EAS,82
HG00449,EAS,71
HG00451,EAS,69
HG00452,EAS,79
HG00457,EAS,74
HG00464,EAS,83
HG00472,EAS,78
HG00473,EAS,83
HG00475,EAS,71
HG00476,EAS,80
HG00478,EAS,77
HG00479,EAS,69
HG00500,EAS,75
HG00501,EAS,86
HG00512,EAS,76
HG00513,EAS,78
HG00524,EAS,67
HG00525,EAS,82
HG00530,EAS,84
HG00531,EAS,80
HG00533,EAS,77
HG00534,EAS,73
HG00536,EAS,73
HG00537,EAS,65
HG00543,EAS,80
HG00551,AMR,75
HG00553,AMR,71
HG00554,AMR,68
HG00556,EAS,72
HG00557,EAS,84
HG00559,EAS,71
HG00560,EAS,79
HG00565,EAS,68
HG00566,EAS,76
HG00577,EAS,81
HG00578,EAS,82
HG00580,EAS,70
HG00581,EAS,69
HG00583,EAS,88
HG00584,EAS,78
HG00589,EAS,73
HG00590,EAS,73
HG00592,EAS,61
HG00593,EAS,79
HG00595,EAS,75
HG00596,EAS,85
HG00598,EAS,74
HG00599,EAS,81
HG00607,EAS,76
HG00608,EAS,70
HG00610,EAS,72
HG00611,EAS,66
HG00613,EAS,83
HG00614,EAS,77
HG00619,EAS,75
HG00620,EAS,83
HG00622,EAS,76
HG00623,EAS,80
HG00625,EAS,100
HG00626,EAS,81
HG00628,EAS,85
HG00629,EAS,79
HG00631,EAS,82
HG00632,EAS,77
HG00634,EAS,79
HG00635,EAS,80
HG00637,AMR,73
HG00638,AMR,96
HG00640,AMR,68
HG00641,AMR,87
HG00650,EAS,84
HG00651,EAS,83
HG00653,EAS,75
HG00654,EAS,79
HG00656,EAS,85
HG00657,EAS,70
HG00662,EAS,84
HG00663,EAS,77
HG00671,EAS,70
HG00672,EAS,72
HG00674,EAS,87
HG00675,EAS,82
HG00683,EAS,78
HG00684,EAS,68
HG00689,EAS,64
HG00690,EAS,67
HG00692,EAS,81
HG00693,EAS,79
HG00698,EAS,72
HG00699,EAS,73
HG00701,EAS,81
HG00704,EAS,66
HG00705,EAS,84
HG00707,EAS,74
HG00708,EAS,82
HG00717,EAS,81
HG00728,EAS,75
HG00729,EAS,80
HG00731,AMR,76
HG00732,AMR,93
HG00734,AMR,85
HG00736,AMR,61
HG00737,AMR,77
HG00739,AMR,73
HG00740,AMR,72
HG00742,AMR,74
HG00743,AMR,78
HG00759,EAS,72
HG00766,EAS,70
HG00844,EAS,65
HG00851,EAS,70
HG00864,EAS,86
HG00867,EAS,77
HG00879,EAS,81
HG00881,EAS,81
HG00956,EAS,79
HG00978,EAS,80
HG00982,EAS,78
HG01028,EAS,94
HG01029,EAS,92
HG01031,EAS,66
HG01046,EAS,76
HG01047,AMR,77
HG01048,AMR,80
HG01049,AMR,82
HG01051,AMR,64
HG01052,AMR,75
HG01054,AMR,75
HG01055,AMR,75
HG01058,AMR,81
HG01060,AMR,79
HG01061,AMR,67
HG01063,AMR,76
HG01064,AMR,90
HG01068,AMR,72
HG01069,AMR,90
HG01070,AMR,69
HG01072,AMR,67
HG01073,AMR,92
HG01075,AMR,75
HG01077,AMR,75
HG01079,AMR,60
HG01080,AMR,73
HG01082,AMR,88
HG01083,AMR,70
HG01085,AMR,65
HG01086,AMR,73
HG01088,AMR,75
HG01089,AMR,76
HG01092,AMR,86
HG01094,AMR,77
HG01095,AMR,72
HG01097,AMR,75
HG01098,AMR,69
HG01101,AMR,73
HG01102,AMR,79
HG01104,AMR,71
HG01105,AMR,84
HG01107,AMR,97
HG01108,AMR,70
HG01110,AMR,79
HG01111,AMR,76
HG01112,AMR,67
HG01113,AMR,69
HG01119,AMR,65
HG01121,AMR,71
HG01122,AMR,88
HG01124,AMR,80
HG01125,AMR,66
HG01130,AMR,69
HG01131,AMR,77
HG01133,AMR,73
HG01134,AMR,80
HG01136,AMR,70
HG01137,AMR,66
HG01139,AMR,69
HG01140,AMR,72
HG01142,AMR,84
HG01148,AMR,68
HG01149,AMR,77
HG01161,AMR,80
HG01162,AMR,68
HG01164,AMR,81
HG01167,AMR,88
HG01168,AMR,73
HG01170,AMR,63
HG01171,AMR,77
HG01173,AMR,68
HG01176,AMR,74
HG01177,AMR,92
HG01182,AMR,69
HG01183,AMR,75
HG01187,AMR,71
HG01188,AMR,64
HG01190,AMR,73
HG01191,AMR,72
HG01197,AMR,75
HG01198,AMR,76
HG01200,AMR,65
HG01204,AMR,76
HG01241,AMR,81
HG01242,AMR,87
HG01247,AMR,90
HG01248,AMR,98
HG01250,AMR,72
HG01251,AMR,76
HG01253,AMR,68
HG01254,AMR,67
HG01256,AMR,80
HG01257,AMR,92
HG01259,AMR,66
HG01260,AMR,82
HG01269,AMR,73
HG01271,AMR,71
HG01272,AMR,79
HG01274,AMR,78
HG01275,AMR,69
HG01277,AMR,75
HG01278,AMR,82
HG01280,AMR,66
HG01281,AMR,75
HG01284,AMR,68
HG01286,AMR,81
HG01302,AMR,66
HG01303,AMR,71
HG01305,AMR,70
HG01308,AMR,76
HG01311,AMR,63
HG01312,AMR,72
HG01323,AMR,76
HG01325,AMR,71
HG01326,AMR,69
HG01334,EUR,64
HG01341,AMR,77
HG01342,AMR,81
HG01345,AMR,73
HG01347,AMR,83
HG01348,AMR,80
HG01350,AMR,74
HG01351,AMR,62
HG01353,AMR,73
HG01354,AMR,63
HG01356,AMR,73
HG01357,AMR,71
HG01359,AMR,73
HG01360,AMR,67
HG01362,AMR,75
HG01363,AMR,83
HG01365,AMR,69
HG01366,AMR,76
HG01369,AMR,94
HG01372,AMR,66
HG01374,AMR,86
HG01375,AMR,76
HG01377,AMR,80
HG01378,AMR,75
HG01383,AMR,68
HG01384,AMR,66
HG01389,AMR,78
HG01390,AMR,88
HG01392,AMR,80
HG01393,AMR,80
HG01395,AMR,71
HG01396,AMR,84
HG01398,AMR,82
HG01402,AMR,68
HG01403,AMR,71
HG01405,AMR,81
HG01412,AMR,80
HG01413,AMR,70
HG01414,AMR,81
HG01431,AMR,78
HG01432,AMR,72
HG01435,AMR,73
HG01437,AMR,80
HG01438,AMR,66
HG01440,AMR,64
HG01441,AMR,82
HG01443,AMR,73
HG01444,AMR,95
HG01447,AMR,70
HG01455,AMR,73
HG01456,AMR,81
HG01459,AMR,76
HG01461,AMR,78
HG01462,AMR,71
HG01464,AMR,73
HG01465,AMR,76
HG01468,AMR,74
HG01474,AMR,67
HG01479,AMR,62
HG01485,AMR,81
HG01486,AMR,76
HG01488,AMR,76
HG01489,AMR,74
HG01491,AMR,83
HG01492,AMR,65
HG01494,AMR,71
HG01495,AMR,84
HG01497,AMR,72
HG01498,AMR,71
HG01500,EUR,65
HG01501,EUR,74
HG01503,EUR,77
HG01504,EUR,81
HG01506,EUR,66
HG01507,EUR,77
HG01509,EUR,81
HG01510,EUR,66
HG01512,EUR,77
HG01513,EUR,62
HG01516,EUR,77
HG01518,EUR,62
HG01519,EUR,72
HG01521,EUR,71
HG01522,EUR,68
HG01524,EUR,68
HG01525,EUR,82
HG01527,EUR,80
HG01528,EUR,74
HG01530,EUR,70
HG01531,EUR,68
HG01536,EUR,73
HG01537,EUR,69
HG01550,AMR,67
HG01551,AMR,82
HG01556,AMR,84
HG01565,AMR,72
HG01566,AMR,71
HG01571,AMR,81
HG01572,AMR,71
HG01577,AMR,73
HG01578,AMR,76
HG01583,SAS,85
HG01586,SAS,70
HG01589,SAS,84
HG01593,SAS,81
HG01595,EAS,74
HG01596,EAS,73
HG01597,EAS,65
HG01598,EAS,81
HG01599,EAS,70
HG01600,EAS,74
HG01602,EUR,69
HG01603,EUR,73
HG01605,EUR,70
HG01606,EUR,83
HG01607,EUR,71
HG01608,EUR,76
HG01610,EUR,78
HG01612,EUR,74
HG01613,EUR,65
HG01615,EUR,70
HG01617,EUR,76
HG01618,EUR,77
HG01619,EUR,78
HG01620,EUR,71
HG01623,EUR,71
HG01624,EUR,71
HG01625,EUR,81
HG01626,EUR,81
HG01628,EUR,73
HG01630,EUR,72
HG01631,EUR,71
HG01632,EUR,80
HG01668,EUR,79
HG01669,EUR,71
HG01670,EUR,66
HG01672,EUR,69
HG01673,EUR,69
HG01675,EUR,71
HG01676,EUR,68
HG01678,EUR,69
HG01679,EUR,66
HG01680,EUR,75
HG01682,EUR,75
HG01684,EUR,75
HG01685,EUR,64
HG01686,EUR,60
HG01694,EUR,86
HG01695,EUR,74
HG01697,EUR,73
HG01699,EUR,82
HG01700,EUR,81
HG01702,EUR,69
HG01704,EUR,88
HG01705,EUR,69
HG01707,EUR,70
HG01708,EUR,80
HG01709,EUR,75
HG01710,EUR,75
HG01746,EUR,79
HG01747,EUR,77
HG01756,EUR,69
HG01757,EUR,86
HG01761,EUR,82
HG01762,EUR,69
HG01765,EUR,81
HG01766,EUR,67
HG01767,EUR,77
HG01768,EUR,80
HG01770,EUR,73
HG01771,EUR,77
HG01773,EUR,79
HG01775,EUR,77
HG01776,EUR,74
HG01777,EUR,58
HG01779,EUR,62
HG01781,EUR,75
HG01783,EUR,66
HG01784,EUR,76
HG01785,EUR,81
HG01786,EUR,76
HG01789,EUR,67
HG01790,EUR,76
HG01791,EUR,68
HG01794,EAS,84
HG01795,EAS,70
HG01796,EAS,70
HG01797,EAS,79
HG01798,EAS,88
HG01799,EAS,71
HG01800,EAS,75
HG01801,EAS,80
HG01802,EAS,72
HG01804,EAS,82
HG01805,EAS,81
HG01806,EAS,96
HG01807,EAS,70
HG01808,EAS,69
HG01809,EAS,87
HG01810,EAS,79
HG01811,EAS,74
HG01812,EAS,82
HG01813,EAS,83
HG01815,EAS,72
HG01816,EAS,78
HG01817,EAS,85
HG01840,EAS,79
HG01841,EAS,70
HG01842,EAS,71
HG01843,EAS,77
HG01844,EAS,71
HG01845,EAS,81
HG01846,EAS,84
HG01847,EAS,79
HG01848,EAS,81
HG01849,EAS,81
HG01850,EAS,80
HG01851,EAS,84
HG01852,EAS,76
HG01853,EAS,77
HG01855,EAS,83
HG01857,EAS,74
HG01859,EAS,74
HG01860,EAS,74
HG01861,EAS,84
HG01862,EAS,70
HG01863,EAS,84
HG01864,EAS,77
HG01865,EAS,71
HG01866,EAS,93
HG01867,EAS,87
HG01868,EAS,70
HG01869,EAS,78
HG01870,EAS,71
HG01871,EAS,71
HG01872,EAS,78
HG01873,EAS,89
HG01874,EAS,76
HG01878,EAS,76
HG01879,AFR,97
HG01880,AFR,88
HG01882,AFR,98
HG01883,AFR,103
HG01885,AFR,91
HG01886,AFR,91
HG01889,AFR,100
HG01890,AFR,88
HG01892,AMR,71
HG01893,AMR,67
HG01894,AFR,100
HG01896,AFR,93
HG01912,AFR,101
HG01914,AFR,88
HG01915,AFR,91
HG01917,AMR,73
HG01918,AMR,75
HG01920,AMR,62
HG01921,AMR,69
HG01923,AMR,76
HG01924,AMR,74
HG01926,AMR,77
HG01927,AMR,71
HG01932,AMR,83
HG01933,AMR,87
HG01935,AMR,72
HG01936,AMR,79
HG01938,AMR,74
HG01939,AMR,86
HG01941,AMR,73
HG01942,AMR,74
HG01944,AMR,75
HG01945,AMR,75
HG01947,AMR,79
HG01948,AMR,80
HG01950,AMR,75
HG01951,AMR,81
HG01953,AMR,69
HG01954,AMR,67
HG01956,AFR,99
HG01958,AFR,109
HG01961,AMR,80
HG01965,AMR,75
HG01967,AMR,86
HG01968,AMR,74
HG01970,AMR,65
HG01971,AMR,77
HG01973,AMR,79
HG01974,AMR,76
HG01976,AMR,70
HG01977,AMR,81
HG01979,AMR,88
HG01980,AMR,77
HG01982,AMR,82
HG01983,AMR,83
HG01985,AFR,96
HG01986,AFR,101
HG01988,AFR,72
HG01989,AFR,96
HG01990,AFR,96
HG01991,AMR,72
HG01992,AMR,69
HG01997,AMR,64
HG02002,AMR,80
HG02003,AMR,69
HG02006,AMR,74
HG02008,AMR,75
HG02009,AFR,89
HG02010,AFR,87
HG02012,AFR,108
HG02013,AFR,93
HG02014,AFR,102
HG02016,EAS,79
HG02017,EAS,73
HG02019,EAS,73
HG02020,EAS,77
HG02023,EAS,72
HG02025,EAS,61
HG02026,EAS,83
HG02028,EAS,70
HG02029,EAS,74
HG02031,EAS,74
HG02032,EAS,79
HG02035,EAS,79
HG02040,EAS,71
HG02047,EAS,72
HG02048,EAS,84
HG02049,EAS,68
HG02050,EAS,71
HG02051,AFR,90
HG02052,AFR,100
HG02053,AFR,99
HG02054,AFR,92
HG02057,EAS,77
HG02058,EAS,73
HG02060,EAS,84
HG02061,EAS,71
HG02064,EAS,69
HG02067,EAS,72
HG02069,EAS,83
HG02070,EAS,73
HG02072,EAS,72
HG02073,EAS,73
HG02075,EAS,70
HG02076,EAS,76
HG02078,EAS,68
HG02079,EAS,72
HG02082,EAS,76
HG02084,EAS,68
HG02085,EAS,79
HG02086,EAS,65
HG02087,EAS,74
HG02088,EAS,65
HG02089,AMR,62
HG02090,AMR,69
HG02102,AMR,69
HG02104,AMR,68
HG02105,AMR,68
HG02107,AFR,101
HG02108,AFR,94
HG02111,AFR,86
HG02113,EAS,72
HG02116,EAS,73
HG02121,EAS,75
HG02122,EAS,79
HG02127,EAS,82
HG02128,EAS,86
HG02130,EAS,69
HG02131,EAS,69
HG02133,EAS,78
HG02134,EAS,78
HG02136,EAS,74
HG02137,EAS,74
HG02138,EAS,77
HG02139,EAS,64
HG02140,EAS,82
HG02141,EAS,71
HG02142,EAS,70
HG02143,AFR,97
HG02144,AFR,84
HG02146,AMR,71
HG02147,AMR,73
HG02150,AMR,59
HG02151,EAS,82
HG02152,EAS,73
HG02153,EAS,75
HG02154,EAS,69
HG02155,EAS,64
HG02156,EAS,77
HG02164,EAS,69
HG02165,EAS,76
HG02166,EAS,79
HG02178,EAS,72
HG02179,EAS,76
HG02180,EAS,80
HG02181,EAS,74
HG02182,EAS,73
HG02184,EAS,67
HG02185,EAS,73
HG02186,EAS,76
HG02187,EAS,65
HG02188,EAS,75
HG02190,EAS,73
HG02215,EUR,61
HG02219,EUR,68
HG02220,EUR,71
HG02221,EUR,69
HG02223,EUR,73
HG02224,EUR,82
HG02230,EUR,80
HG02231,EUR,60
HG02232,EUR,80
HG02233,EUR,65
HG02235,EUR,82
HG02236,EUR,77
HG02238,EUR,70
HG02239,EUR,71
HG02250,EAS,83
HG02252,AMR,74
HG02253,AMR,80
HG02255,AFR,84
HG02256,AFR,98
HG02259,AMR,83
HG02260,AMR,70
HG02262,AMR,67
HG02265,AMR,80
HG02266,AMR,67
HG02271,AMR,64
HG02272,AMR,67
HG02274,AMR,74
HG02275,AMR,75
HG02277,AMR,66
HG02278,AMR,70
HG02281,AFR,103
HG02282,AFR,84
HG02283,AFR,78
HG02284,AFR,96
HG02285,AMR,69
HG02286,AMR,62
HG02291,AMR,70
HG02292,AMR,60
HG02298,AMR,72
HG02299,AMR,65
HG02301,AMR,78
HG02302,AMR,77
HG02304,AMR,69
HG02307,AFR,93
HG02308,AFR,91
HG02309,AFR,105
HG02312,AMR,82
HG02314,AFR,94
HG02315,AFR,93
HG02317,AFR,86
HG02318,AFR,86
HG02322,AFR,85
HG02323,AFR,109
HG02325,AFR,93
HG02330,AFR,95
HG02332,AFR,101
HG02334,AFR,80
HG02337,AFR,112
HG02339,AFR,92
HG02343,AFR,92
HG02345,AMR,67
HG02348,AMR,67
HG02351,EAS,80
HG02353,EAS,86
HG02355,EAS,74
HG02356,EAS,75
HG02360,EAS,73
HG02364,EAS,85
HG02367,EAS,82
HG02371,EAS,73
HG02373,EAS,76
HG02374,EAS,64
HG02375,EAS,82
HG02379,EAS,75
HG02380,EAS,75
HG02382,EAS,67
HG02383,EAS,74
HG02384,EAS,83
HG02385,EAS,70
HG02386,EAS,60
HG02389,EAS,69
HG02390,EAS,83
HG02391,EAS,79
HG02392,EAS,82
HG02394,EAS,79
HG02395,EAS,76
HG02396,EAS,70
HG02397,EAS,74
HG02398,EAS,76
HG02399,EAS,78
HG02401,EAS,77
HG02402,EAS,69
HG02406,EAS,69
HG02407,EAS,75
HG02408,EAS,81
HG02409,EAS,66
HG02410,EAS,85
HG02419,AFR,98
HG02420,AFR,81
HG02425,AMR,68
HG02427,AFR,88
HG02429,AFR,109
HG02433,AFR,79
HG02439,AFR,105
HG02442,AFR,93
HG02445,AFR,97
HG02449,AFR,90
HG02450,AFR,81
HG02455,AFR,83
HG02461,AFR,102
HG02462,AFR,93
HG02464,AFR,95
HG02465,AFR,112
HG02470,AFR,85
HG02471,AFR,93
HG02476,AFR,101
HG02477,AFR,91
HG02479,AFR,113
HG02481,AFR,106
HG02484,AFR,94
HG02485,AFR,81
HG02489,AFR,98
HG02490,SAS,73
HG02491,SAS,75
HG02493,SAS,73
HG02494,SAS,66
HG02496,AFR,101
HG02497,AFR,102
HG02501,AFR,91
HG02502,AFR,105
HG02505,AFR,103
HG02508,AFR,87
HG02511,AFR,107
HG02512,EAS,82
HG02513,EAS,81
HG02521,EAS,81
HG02522,EAS,72
HG02524,EAS,84
HG02525,EAS,73
HG02536,AFR,95
HG02537,AFR,115
HG02541,AFR,84
HG02545,AFR,105
HG02546,AFR,98
HG02549,AFR,81
HG02554,AFR,96
HG02555,AFR,103
HG02557,AFR,103
HG02558,AFR,95
HG02561,AFR,104
HG02562,AFR,105
HG02568,AFR,98
HG02569,AFR,101
HG02570,AFR,100
HG02571,AFR,105
HG02573,AFR,98
HG02574,AFR,100
HG02577,AFR,88
HG02580,AFR,76
HG02582,AFR,91
HG02583,AFR,106
HG02585,AFR,94
HG02586,AFR,104
HG02588,AFR,98
HG02589,AFR,118
HG02594,AFR,100
HG02595,AFR,89
HG02597,SAS,83
HG02600,SAS,70
HG02601,SAS,81
HG02603,SAS,87
HG02604,SAS,75
HG02610,AFR,98
HG02611,AFR,106
HG02613,AFR,81
HG02614,AFR,93
HG02620,AFR,100
HG02621,AFR,81
HG02623,AFR,101
HG02624,AFR,95
HG02628,AFR,92
HG02629,AFR,99
HG02634,AFR,114
HG02635,AFR,93
HG02642,AFR,105
HG02643,AFR,103
HG02645,AFR,82
HG02646,AFR,95
HG02648,SAS,71
HG02649,SAS,77
HG02651,SAS,72
HG02652,SAS,80
HG02654,SAS,67
HG02655,SAS,83
HG02657,SAS,73
HG02658,SAS,79
HG02660,SAS,70
HG02661,SAS,72
HG02666,AFR,80
HG02667,AFR,86
HG02675,AFR,90
HG02676,AFR,93
HG02678,AFR,98
HG02679,AFR,98
HG02681,SAS,76
HG02682,SAS,74
HG02684,SAS,67
HG02685,SAS,75
HG02687,SAS,76
HG02688,SAS,77
HG02690,SAS,67
HG02691,SAS,79
HG02694,SAS,82
HG02696,SAS,80
HG02697,SAS,84
HG02699,SAS,70
HG02700,SAS,77
HG02702,AFR,102
HG02703,AFR,98
HG02715,AFR,103
HG02716,AFR,98
HG02721,AFR,97
HG02722,AFR,88
HG02724,SAS,78
HG02725,SAS,78
HG02727,SAS,73
HG02728,SAS,85
HG02731,SAS,70
HG02733,SAS,70
HG02734,SAS,66
HG02736,SAS,66
HG02737,SAS,72
HG02756,AFR,102
HG02757,AFR,84
HG02759,AFR,91
HG02760,AFR,94
HG02762,AFR,91
HG02763,AFR,88
HG02768,AFR,98
HG02769,AFR,103
HG02771,AFR,107
HG02772,AFR,101
HG02774,SAS,77
HG02775,SAS,67
HG02778,SAS,77
HG02780,SAS,83
HG02783,SAS,65
HG02784,SAS,74
HG02786,SAS,61
HG02787,SAS,75
HG02789,SAS,79
HG02790,SAS,64
HG02792,SAS,69
HG02793,SAS,76
HG02798,AFR,105
HG02799,AFR,100
HG02804,AFR,106
HG02805,AFR,105
HG02807,AFR,93
HG02810,AFR,99
HG02811,AFR,103
HG02813,AFR,102
HG02814,AFR,101
HG02816,AFR,93
HG02817,AFR,113
HG02819,AFR,100
HG02820,AFR,102
HG02836,AFR,103
HG02837,AFR,107
HG02839,AFR,83
HG02840,AFR,88
HG02851,AFR,96
HG02852,AFR,82
HG02854,AFR,106
HG02855,AFR,99
HG02860,AFR,79
HG02861,AFR,93
HG02869,AFR,99
HG02870,AFR,90
HG02878,AFR,95
HG02879,AFR,91
HG02881,AFR,76
HG02882,AFR,85
HG02884,AFR,91
HG02885,AFR,95
HG02887,AFR,90
HG02888,AFR,92
HG02890,AFR,83
HG02891,AFR,109
HG02895,AFR,107
HG02896,AFR,105
HG02922,AFR,105
HG02923,AFR,94
HG02938,AFR,97
HG02941,AFR,97
HG02943,AFR,99
HG02944,AFR,103
HG02946,AFR,105
HG02947,AFR,93
HG02952,AFR,89
HG02953,AFR,87
HG02964,AFR,108
HG02965,AFR,110
HG02968,AFR,93
HG02970,AFR,97
HG02971,AFR,90
HG02973,AFR,98
HG02974,AFR,83
HG02976,AFR,97
HG02977,AFR,84
HG02979,AFR,102
HG02981,AFR,89
HG02982,AFR,76
HG02983,AFR,92
HG03006,SAS,72
HG03007,SAS,83
HG03009,SAS,81
HG03012,SAS,65
HG03015,SAS,85
HG03016,SAS,82
HG03018,SAS,75
HG03019,SAS,67
HG03021,SAS,77
HG03022,SAS,69
HG03024,AFR,95
HG03025,AFR,87
HG03027,AFR,93
HG03028,AFR,85
HG03033,AFR,104
HG03034,AFR,93
HG03039,AFR,96
HG03040,AFR,102
HG03045,AFR,100
HG03046,AFR,90
HG03048,AFR,83
HG03049,AFR,92
HG03052,AFR,103
HG03054,AFR,97
HG03055,AFR,108
HG03057,AFR,101
HG03058,AFR,94
HG03060,AFR,103
HG03061,AFR,83
HG03063,AFR,111
HG03064,AFR,98
HG03066,AFR,103
HG03069,AFR,83
HG03072,AFR,109
HG03073,AFR,87
HG03074,AFR,71
HG03077,AFR,106
HG03078,AFR,97
HG03079,AFR,94
HG03081,AFR,90
HG03082,AFR,86
HG03084,AFR,104
HG03085,AFR,105
HG03086,AFR,98
HG03088,AFR,92
HG03091,AFR,96
HG03095,AFR,86
HG03096,AFR,94
HG03097,AFR,102
HG03099,AFR,90
HG03100,AFR,89
HG03103,AFR,105
HG03105,AFR,95
HG03108,AFR,89
HG03109,AFR,95
HG03111,AFR,99
HG03112,AFR,103
HG03114,AFR,101
HG03115,AFR,81
HG03117,AFR,95
HG03118,AFR,94
HG03120,AFR,85
HG03121,AFR,95
HG03123,AFR,92
HG03124,AFR,84
HG03126,AFR,108
HG03127,AFR,107
HG03129,AFR,89
HG03130,AFR,99
HG03132,AFR,88
HG03133,AFR,103
HG03135,AFR,76
HG03136,AFR,88
HG03139,AFR,85
HG03157,AFR,86
HG03159,AFR,102
HG03160,AFR,95
HG03162,AFR,104
HG03163,AFR,96
HG03166,AFR,98
HG03168,AFR,90
HG03169,AFR,77
HG03172,AFR,84
HG03175,AFR,87
HG03189,AFR,76
HG03190,AFR,93
HG03193,AFR,93
HG03195,AFR,98
HG03196,AFR,84
HG03198,AFR,100
HG03199,AFR,107
HG03202,AFR,115
HG03209,AFR,98
HG03212,AFR,103
HG03224,AFR,84
HG03225,AFR,92
HG03228,SAS,70
HG03229,SAS,69
HG03234,SAS,63
HG03235,SAS,74
HG03237,SAS,65
HG03238,SAS,76
HG03240,AFR,101
HG03241,AFR,89
HG03246,AFR,84
HG03247,AFR,92
HG03249,AFR,102
HG03250,AFR,105
HG03258,AFR,88
HG03259,AFR,92
HG03265,AFR,87
HG03267,AFR,101
HG03268,AFR,93
HG03270,AFR,93
HG03271,AFR,101
HG03279,AFR,83
HG03280,AFR,111
HG03291,AFR,107
HG03294,AFR,87
HG03295,AFR,87
HG03297,AFR,85
HG03298,AFR,108
HG03300,AFR,104
HG03301,AFR,96
HG03303,AFR,96
HG03304,AFR,90
HG03306,AFR,101
HG03307,AFR,101
HG03309,AFR,97
HG03311,AFR,91
HG03312,AFR,96
HG03313,AFR,92
HG03342,AFR,97
HG03343,AFR,97
HG03351,AFR,99
HG03352,AFR,95
HG03354,AFR,101
HG03363,AFR,98
HG03366,AFR,90
HG03367,AFR,100
HG03369,AFR,95
HG03370,AFR,97
HG03372,AFR,87
HG03373,AFR,110
HG03376,AFR,93
HG03378,AFR,81
HG03380,AFR,105
HG03382,AFR,108
HG03385,AFR,90
HG03388,AFR,95
HG03391,AFR,101
HG03394,AFR,110
HG03397,AFR,101
HG03401,AFR,85
HG03410,AFR,97
HG03419,AFR,93
HG03428,AFR,107
HG03432,AFR,101
HG03433,AFR,92
HG03436,AFR,96
HG03437,AFR,102
HG03439,AFR,79
HG03442,AFR,113
HG03445,AFR,104
HG03446,AFR,100
HG03449,AFR,95
HG03451,AFR,98
HG03452,AFR,114
HG03454,AFR,90
HG03455,AFR,91
HG03457,AFR,96
HG03458,AFR,87
HG03460,AFR,96
HG03461,AFR,107
HG03464,AFR,92
HG03469,AFR,88
HG03470,AFR,92
HG03472,AFR,96
HG03473,AFR,94
HG03476,AFR,94
HG03478,AFR,96
HG03479,AFR,101
HG03484,AFR,92
HG03485,AFR,98
HG03487,SAS,81
HG03488,SAS,78
HG03490,SAS,73
HG03491,SAS,77
HG03499,AFR,106
HG03511,AFR,84
HG03514,AFR,89
HG03515,AFR,87
HG03517,AFR,99
HG03518,AFR,82
HG03520,AFR,98
HG03521,AFR,109
HG03538,AFR,91
HG03539,AFR,88
HG03547,AFR,95
HG03548,AFR,91
HG03556,AFR,95
HG03557,AFR,96
HG03558,AFR,98
HG03559,AFR,95
HG03563,AFR,86
HG03565,AFR,97
HG03567,AFR,88
HG03571,AFR,95
HG03572,AFR,93
HG03574,AFR,98
HG03575,AFR,96
HG03577,AFR,88
HG03578,AFR,94
HG03582,AFR,97
HG03583,AFR,112
HG03585,SAS,75
HG03589,SAS,69
HG03593,SAS,75
HG03594,SAS,88
HG03595,SAS,86
HG03598,SAS,77
HG03600,SAS,75
HG03603,SAS,77
HG03604,SAS,85
HG03606,SAS,76
HG03607,SAS,78
HG03611,SAS,93
HG03615,SAS,74
HG03616,SAS,85
HG03618,SAS,79
HG03619,SAS,76
HG03624,SAS,88
HG03625,SAS,63
HG03629,SAS,76
HG03631,SAS,74
HG03633,SAS,84
HG03634,SAS,80
HG03636,SAS,75
HG03639,SAS,92
HG03640,SAS,70
HG03642,SAS,79
HG03643,SAS,85
HG03644,SAS,78
HG03645,SAS,83
HG03646,SAS,58
HG03649,SAS,85
HG03650,SAS,82
HG03652,SAS,75
HG03653,SAS,75
HG03660,SAS,80
HG03663,SAS,88
HG03667,SAS,82
HG03668,SAS,68
HG03672,SAS,70
HG03673,SAS,69
HG03679,SAS,77
HG03680,SAS,70
HG03681,SAS,70
HG03682,SAS,71
HG03684,SAS,80
HG03685,SAS,71
HG03686,SAS,80
HG03687,SAS,82
HG03689,SAS,74
HG03690,SAS,65
HG03691,SAS,70
HG03692,SAS,84
HG03693,SAS,69
HG03694,SAS,81
HG03695,SAS,82
HG03696,SAS,78
HG03697,SAS,75
HG03698,SAS,74
HG03699,SAS,91
HG03700,SAS,85
HG03702,SAS,74
HG03703,SAS,73
HG03705,SAS,73
HG03706,SAS,76
HG03708,SAS,75
HG03709,SAS,71
HG03711,SAS,76
HG03713,SAS,75
HG03714,SAS,70
HG03716,SAS,60
HG03717,SAS,89
HG03718,SAS,72
HG03721,SAS,83
HG03722,SAS,78
HG03725,SAS,86
HG03727,SAS,84
HG03729,SAS,77
HG03730,SAS,81
HG03731,SAS,72
HG03733,SAS,68
HG03736,SAS,80
HG03738,SAS,84
HG03740,SAS,75
HG03741,SAS,71
HG03742,SAS,71
HG03743,SAS,66
HG03744,SAS,71
HG03745,SAS,77
HG03746,SAS,68
HG03750,SAS,71
HG03752,SAS,71
HG03753,SAS,82
HG03754,SAS,77
HG03755,SAS,76
HG03756,SAS,80
HG03757,SAS,76
HG03760,SAS,83
HG03761,SAS,78
HG03762,SAS,66
HG03765,SAS,66
HG03767,SAS,75
HG03770,SAS,68
HG03771,SAS,77
HG03772,SAS,70
HG03773,SAS,88
HG03774,SAS,79
HG03775,SAS,75
HG03777,SAS,76
HG03778,SAS,83
HG03779,SAS,67
HG03780,SAS,81
HG03781,SAS,76
HG03782,SAS,72
HG03784,SAS,78
HG03785,SAS,76
HG03786,SAS,73
HG03787,SAS,75
HG03788,SAS,78
HG03789,SAS,71
HG03790,SAS,75
HG03792,SAS,72
HG03793,SAS,69
HG03794,SAS,88
HG03796,SAS,66
HG03797,SAS,82
HG03799,SAS,75
HG03800,SAS,75
HG03802,SAS,87
HG03803,SAS,81
HG03805,SAS,78
HG03806,SAS,86
HG03808,SAS,77
HG03809,SAS,74
HG03812,SAS,77
HG03814,SAS,81
HG03815,SAS,72
HG03817,SAS,78
HG03821,SAS,67
HG03823,SAS,72
HG03824,SAS,80
HG03826,SAS,73
HG03829,SAS,79
HG03830,SAS,78
HG03832,SAS,74
HG03833,SAS,79
HG03836,SAS,90
HG03837,SAS,66
HG03838,SAS,73
HG03844,SAS,73
HG03846,SAS,86
HG03848,SAS,70
HG03849,SAS,66
HG03850,SAS,77
HG03851,SAS,83
HG03854,SAS,79
HG03856,SAS,72
HG03857,SAS,80
HG03858,SAS,78
HG03861,SAS,79
HG03862,SAS,82
HG03863,SAS,77
HG03864,SAS,81
HG03866,SAS,77
HG03867,SAS,77
HG03868,SAS,73
HG03869,SAS,73
HG03870,SAS,67
HG03871,SAS,76
HG03872,SAS,67
HG03873,SAS,73
HG03874,SAS,60
HG03875,SAS,82
HG03882,SAS,68
HG03884,SAS,86
HG03885,SAS,90
HG03886,SAS,72
HG03887,SAS,70
HG03888,SAS,58
HG03890,SAS,77
HG03894,SAS,70
HG03895,SAS,71
HG03896,SAS,71
HG03897,SAS,77
HG03898,SAS,84
HG03899,SAS,80
HG03900,SAS,79
HG03902,SAS,76
HG03904,SAS,81
HG03905,SAS,82
HG03907,SAS,71
HG03908,SAS,71
HG03910,SAS,64
HG03911,SAS,71
HG03913,SAS,56
HG03914,SAS,77
HG03916,SAS,85
HG03917,SAS,86
HG03919,SAS,74
HG03920,SAS,63
HG03922,SAS,77
HG03925,SAS,81
HG03926,SAS,81
HG03928,SAS,66
HG03929,SAS,80
HG03931,SAS,72
HG03934,SAS,76
HG03937,SAS,76
HG03940,SAS,65
HG03941,SAS,79
HG03943,SAS,82
HG03944,SAS,71
HG03945,SAS,91
HG03947,SAS,81
HG03949,SAS,73
HG03950,SAS,74
HG03951,SAS,82
HG03953,SAS,56
HG03955,SAS,73
HG03960,SAS,72
HG03963,SAS,82
HG03965,SAS,80
HG03967,SAS,85
HG03968,SAS,73
HG03969,SAS,77
HG03971,SAS,87
HG03973,SAS,77
HG03974,SAS,75
HG03976,SAS,84
HG03977,SAS,79
HG03978,SAS,84
HG03985,SAS,75
HG03986,SAS,77
HG03989,SAS,85
HG03990,SAS,72
HG03991,SAS,74
HG03995,SAS,81
HG03998,SAS,75
HG03999,SAS,84
HG04001,SAS,65
HG04002,SAS,86
HG04003,SAS,84
HG04006,SAS,74
HG04014,SAS,85
HG04015,SAS,74
HG04017,SAS,86
HG04018,SAS,61
HG04019,SAS,67
HG04020,SAS,81
HG04022,SAS,91
HG04023,SAS,71
HG04025,SAS,76
HG04026,SAS,85
HG04029,SAS,84
HG04033,SAS,72
HG04035,SAS,70
HG04038,SAS,69
HG04039,SAS,68
HG04042,SAS,81
HG04047,SAS,80
HG04054,SAS,82
HG04056,SAS,67
HG04059,SAS,95
HG04060,SAS,85
HG04061,SAS,81
HG04062,SAS,86
HG04063,SAS,73
HG04070,SAS,70
HG04075,SAS,76
HG04076,SAS,73
HG04080,SAS,84
HG04090,SAS,74
HG04093,SAS,71
HG04094,SAS,75
HG04096,SAS,90
HG04098,SAS,84
HG04099,SAS,76
HG04100,SAS,64
HG04106,SAS,72
HG04107,SAS,79
HG04118,SAS,71
HG04127,SAS,83
HG04131,SAS,77
HG04132,SAS,92
HG04134,SAS,68
HG04135,SAS,75
HG04140,SAS,75
HG04141,SAS,72
HG04144,SAS,77
HG04146,SAS,87
HG04147,SAS,73
HG04149,SAS,76
HG04150,SAS,72
HG04152,SAS,80
HG04153,SAS,79
HG04155,SAS,69
HG04156,SAS,86
HG04158,SAS,85
HG04159,SAS,75
HG04161,SAS,79
HG04162,SAS,86
HG04164,SAS,83
HG04171,SAS,72
HG04173,SAS,80
HG04174,SAS,71
HG04176,SAS,81
HG04177,SAS,74
HG04180,SAS,83
HG04182,SAS,86
HG04183,SAS,74
HG04185,SAS,73
HG04186,SAS,79
HG04188,SAS,71
HG04189,SAS,76
HG04191,SAS,71
HG04192,SAS,85
HG04194,SAS,82
HG04195,SAS,74
HG04198,SAS,81
HG04200,SAS,73
HG04202,SAS,66
HG04206,SAS,73
HG04209,SAS,72
HG04210,SAS,67
HG04211,SAS,64
HG04212,SAS,76
HG04214,SAS,75
HG04216,SAS,69
HG04219,SAS,84
HG04222,SAS,74
HG04225,SAS,80
HG04227,SAS,85
HG04229,SAS,65
HG04235,SAS,71
HG04238,SAS,87
HG04239,SAS,67
HGDP00001,SAS,68
HGDP00003,SAS,67
HGDP00005,SAS,73
HGDP00007,SAS,72
HGDP00009,SAS,62
HGDP00011,SAS,88
HGDP00013,SAS,75
HGDP00015,SAS,78
HGDP00017,SAS,76
HGDP00019,SAS,62
HGDP00021,SAS,84
HGDP00023,SAS,79
HGDP00025,SAS,91
HGDP00027,SAS,67
HGDP00029,SAS,81
HGDP00031,SAS,67
HGDP00033,SAS,84
HGDP00035,SAS,79
HGDP00037,SAS,70
HGDP00039,SAS,80
HGDP00041,SAS,69
HGDP00043,SAS,87
HGDP00045,SAS,80
HGDP00047,SAS,66
HGDP00049,SAS,80
HGDP00052,SAS,70
HGDP00054,SAS,85
HGDP00056,SAS,77
HGDP00057,SAS,70
HGDP00058,SAS,63
HGDP00060,SAS,92
HGDP00062,SAS,60
HGDP00064,SAS,69
HGDP00066,SAS,77
HGDP00068,SAS,75
HGDP00070,SAS,69
HGDP00072,SAS,84
HGDP00074,SAS,68
HGDP00076,SAS,87
HGDP00078,SAS,78
HGDP00080,SAS,69
HGDP00082,SAS,84
HGDP00086,SAS,75
HGDP00088,SAS,81
HGDP00090,SAS,53
HGDP00092,SAS,85
HGDP00094,SAS,81
HGDP00096,SAS,68
HGDP00098,SAS,73
HGDP00099,SAS,86
HGDP00100,SAS,91
HGDP00102,SAS,80
HGDP00103,SAS,64
HGDP00104,SAS,84
HGDP00105,SAS,73
HGDP00106,SAS,88
HGDP00108,SAS,71
HGDP00109,SAS,81
HGDP00110,SAS,83
HGDP00115,SAS,82
HGDP00118,SAS,59
HGDP00119,SAS,75
HGDP00120,SAS,69
HGDP00121,SAS,82
HGDP00122,SAS,81
HGDP00124,SAS,60
HGDP00125,SAS,69
HGDP00127,SAS,66
HGDP00129,SAS,83
HGDP00130,SAS,74
HGDP00131,SAS,78
HGDP00133,SAS,83
HGDP00134,SAS,69
HGDP00135,SAS,55
HGDP00136,SAS,67
HGDP00137,SAS,73
HGDP00139,SAS,78
HGDP00140,SAS,79
HGDP00141,SAS,86
HGDP00143,SAS,86
HGDP00144,SAS,80
HGDP00145,SAS,93
HGDP00146,SAS,92
HGDP00148,SAS,83
HGDP00149,SAS,69
HGDP00150,SAS,82
HGDP00151,SAS,78
HGDP00153,SAS,99
HGDP00154,SAS,81
HGDP00155,SAS,76
HGDP00157,SAS,59
HGDP00158,SAS,83
HGDP00160,SAS,68
HGDP00161,SAS,75
HGDP00163,SAS,71
HGDP00165,SAS,69
HGDP00167,SAS,66
HGDP00169,SAS,79
HGDP00171,SAS,86
HGDP00173,SAS,83
HGDP00175,SAS,97
HGDP00177,SAS,70
HGDP00179,SAS,73
HGDP00181,SAS,82
HGDP00183,SAS,80
HGDP00185,SAS,87
HGDP00187,SAS,76
HGDP00189,SAS,83
HGDP00191,SAS,84
HGDP00192,SAS,86
HGDP00195,SAS,70
HGDP00197,SAS,85
HGDP00199,SAS,71
HGDP00201,SAS,87
HGDP00205,SAS,80
HGDP00206,SAS,92
HGDP00208,SAS,65
HGDP00210,SAS,93
HGDP00213,SAS,71
HGDP00214,SAS,64
HGDP00216,SAS,69
HGDP00218,SAS,62
HGDP00222,SAS,74
HGDP00224,SAS,83
HGDP00226,SAS,82
HGDP00228,SAS,79
HGDP00230,SAS,88
HGDP00232,SAS,67
HGDP00234,SAS,86
HGDP00237,SAS,87
HGDP00239,SAS,82
HGDP00241,SAS,79
HGDP00243,SAS,84
HGDP00244,SAS,79
HGDP00247,SAS,81
HGDP00248,SAS,79
HGDP00251,SAS,79
HGDP00254,SAS,74
HGDP00258,SAS,80
HGDP00259,SAS,87
HGDP00262,SAS,79
HGDP00264,SAS,90
HGDP00274,SAS,89
HGDP00277,SAS,90
HGDP00279,SAS,66
HGDP00281,SAS,76
HGDP00285,SAS,72
HGDP00286,SAS,68
HGDP00288,SAS,67
HGDP00290,SAS,80
HGDP00298,SAS,75
HGDP00302,SAS,84
HGDP00304,SAS,78
HGDP00307,SAS,70
HGDP00309,SAS,80
HGDP00311,SAS,91
HGDP00313,SAS,89
HGDP00315,SAS,83
HGDP00319,SAS,62
HGDP00321,SAS,67
HGDP00323,SAS,93
HGDP00326,SAS,70
HGDP00328,SAS,65
HGDP00330,SAS,89
HGDP00333,SAS,77
HGDP00338,SAS,66
HGDP00341,SAS,76
HGDP00346,SAS,67
HGDP00351,SAS,87
HGDP00356,SAS,87
HGDP00359,SAS,54
HGDP00364,SAS,72
HGDP00371,SAS,80
HGDP00372,SAS,82
HGDP00376,SAS,97
HGDP00382,SAS,80
HGDP00388,SAS,87
HGDP00392,SAS,69
HGDP00397,SAS,87
HGDP00402,SAS,89
HGDP00407,SAS,81
HGDP00412,SAS,78
HGDP00417,SAS,87
HGDP00423,SAS,75
HGDP00428,SAS,61
HGDP00433,SAS,91
HGDP00438,SAS,83
HGDP00444,SAS,93
HGDP00445,SAS,78
HGDP00449,AFR,86
HGDP00450,AFR,85
HGDP00452,AFR,70
HGDP00453,AFR,93
HGDP00454,AFR,115
HGDP00455,AFR,108
HGDP00457,AFR,87
HGDP00458,AFR,84
HGDP00459,AFR,82
HGDP00460,AFR,118
HGDP00461,AFR,84
HGDP00462,AFR,86
HGDP00463,AFR,83
HGDP00464,AFR,82
HGDP00465,AFR,78
HGDP00466,AFR,85
HGDP00467,AFR,77
HGDP00468,AFR,85
HGDP00469,AFR,102
HGDP00470,AFR,83
HGDP00471,AFR,79
HGDP00472,AFR,79
HGDP00473,AFR,91
HGDP00474,AFR,101
HGDP00475,AFR,78
HGDP00476,AFR,95
HGDP00478,AFR,77
HGDP00479,AFR,85
HGDP00490,OCN,64
HGDP00491,OCN,64
HGDP00511,EUR,71
HGDP00512,EUR,77
HGDP00513,EUR,88
HGDP00514,EUR,75
HGDP00515,EUR,77
HGDP00516,EUR,73
HGDP00517,EUR,78
HGDP00518,EUR,83
HGDP00519,EUR,78
HGDP00520,EUR,81
HGDP00522,EUR,68
HGDP00523,EUR,71
HGDP00524,EUR,75
HGDP00525,EUR,67
HGDP00526,EUR,53
HGDP00527,EUR,81
HGDP00528,EUR,75
HGDP00529,EUR,83
HGDP00530,EUR,51
HGDP00531,EUR,72
HGDP00534,EUR,68
HGDP00535,EUR,81
HGDP00536,EUR,79
HGDP00537,EUR,71
HGDP00538,EUR,71
HGDP00539,EUR,74
HGDP00540,OCN,67
HGDP00541,OCN,58
HGDP00542,OCN,94
HGDP00543,OCN,57
HGDP00544,OCN,70
HGDP00545,OCN,56
HGDP00546,OCN,95
HGDP00547,OCN,66
HGDP00548,OCN,55
HGDP00549,OCN,107
HGDP00550,OCN,48
HGDP00551,OCN,86
HGDP00552,OCN,65
HGDP00553,OCN,100
HGDP00554,OCN,67
HGDP00555,OCN,53
HGDP00556,OCN,85
HGDP00557,WAS,93
HGDP00558,WAS,72
HGDP00559,WAS,73
HGDP00560,WAS,74
HGDP00561,WAS,79
HGDP00562,WAS,63
HGDP00563,WAS,88
HGDP00564,WAS,76
HGDP00565,WAS,89
HGDP00566,WAS,71
HGDP00567,WAS,87
HGDP00568,WAS,72
HGDP00569,EUR,71
HGDP00571,WAS,86
HGDP00572,WAS,84
HGDP00573,WAS,78
HGDP00574,WAS,87
HGDP00575,WAS,70
HGDP00576,WAS,63
HGDP00577,WAS,78
HGDP00578,WAS,78
HGDP00579,WAS,83
HGDP00580,WAS,60
HGDP00581,WAS,80
HGDP00582,WAS,76
HGDP00583,WAS,69
HGDP00584,WAS,85
HGDP00586,WAS,90
HGDP00587,WAS,80
HGDP00588,WAS,88
HGDP00590,WAS,65
HGDP00591,WAS,75
HGDP00594,WAS,77
HGDP00595,WAS,79
HGDP00597,EUR,57
HGDP00598,WAS,84
HGDP00599,WAS,84
HGDP00600,WAS,80
HGDP00601,WAS,84
HGDP00602,WAS,80
HGDP00604,WAS,75
HGDP00606,WAS,73
HGDP00607,WAS,89
HGDP00608,WAS,56
HGDP00609,WAS,62
HGDP00610,WAS,68
HGDP00611,WAS,87
HGDP00612,WAS,80
HGDP00613,WAS,83
HGDP00614,WAS,81
HGDP00615,WAS,78
HGDP00616,EUR,67
HGDP00618,WAS,67
HGDP00619,WAS,88
HGDP00620,WAS,85
HGDP00621,WAS,94
HGDP00622,WAS,81
HGDP00623,WAS,81
HGDP00624,WAS,82
HGDP00625,WAS,88
HGDP00626,WAS,74
HGDP00627,WAS,85
HGDP00628,WAS,85
HGDP00629,WAS,85
HGDP00630,WAS,93
HGDP00631,WAS,78
HGDP00632,WAS,87
HGDP00634,WAS,69
HGDP00635,WAS,87
HGDP00636,WAS,82
HGDP00637,WAS,87
HGDP00638,WAS,90
HGDP00639,WAS,77
HGDP00640,WAS,84
HGDP00641,WAS,79
HGDP00642,WAS,80
HGDP00643,WAS,90
HGDP00644,WAS,91
HGDP00645,WAS,74
HGDP00646,WAS,87
HGDP00647,WAS,85
HGDP00648,WAS,83
HGDP00649,WAS,90
HGDP00650,EUR,64
HGDP00651,WAS,77
HGDP00653,WAS,82
HGDP00654,WAS,79
HGDP00655,OCN,62
HGDP00656,OCN,56
HGDP00660,OCN,85
HGDP00661,OCN,82
HGDP00662,OCN,68
HGDP00663,OCN,87
HGDP00664,OCN,85
HGDP00666,EUR,81
HGDP00667,EUR,81
HGDP00668,EUR,75
HGDP00669,EUR,82
HGDP00670,EUR,90
HGDP00671,EUR,88
HGDP00672,EUR,69
HGDP00673,EUR,78
HGDP00674,EUR,72
HGDP00675,WAS,80
HGDP00676,WAS,91
HGDP00677,WAS,68
HGDP00678,WAS,73
HGDP00679,WAS,81
HGDP00680,WAS,80
HGDP00682,WAS,93
HGDP00683,WAS,77
HGDP00684,WAS,80
HGDP00685,WAS,74
HGDP00686,WAS,86
HGDP00687,WAS,85
HGDP00688,WAS,73
HGDP00689,WAS,88
HGDP00690,WAS,86
HGDP00691,WAS,61
HGDP00692,WAS,103
HGDP00693,WAS,82
HGDP00694,WAS,74
HGDP00696,WAS,82
HGDP00697,WAS,99
HGDP00698,WAS,79
HGDP00699,WAS,99
HGDP00700,WAS,100
HGDP00701,WAS,81
HGDP00702,AMR,64
HGDP00703,AMR,66
HGDP00704,AMR,85
HGDP00708,AMR,76
HGDP00710,AMR,57
HGDP00711,EAS,67
HGDP00712,EAS,81
HGDP00713,EAS,75
HGDP00714,EAS,80
HGDP00715,EAS,70
HGDP00716,EAS,95
HGDP00717,EAS,68
HGDP00719,EAS,90
HGDP00720,EAS,80
HGDP00721,EAS,86
HGDP00722,EUR,66
HGDP00723,WAS,57
HGDP00724,WAS,51
HGDP00725,EUR,69
HGDP00726,WAS,58
HGDP00727,WAS,64
HGDP00729,WAS,84
HGDP00730,WAS,89
HGDP00731,WAS,76
HGDP00732,WAS,73
HGDP00733,WAS,79
HGDP00734,WAS,82
HGDP00735,WAS,78
HGDP00736,WAS,78
HGDP00737,EUR,67
HGDP00738,WAS,78
HGDP00739,WAS,74
HGDP00740,WAS,89
HGDP00741,WAS,85
HGDP00744,WAS,81
HGDP00745,WAS,86
HGDP00746,WAS,69
HGDP00747,EAS,86
HGDP00748,EAS,79
HGDP00749,EAS,82
HGDP00750,EAS,86
HGDP00751,EAS,88
HGDP00752,EAS,90
HGDP00753,EAS,80
HGDP00754,EAS,90
HGDP00755,EAS,93
HGDP00756,EAS,87
HGDP00757,EAS,77
HGDP00758,EAS,83
HGDP00759,EAS,93
HGDP00760,EAS,89
HGDP00761,EAS,90
HGDP00762,EAS,85
HGDP00763,EAS,94
HGDP00764,EAS,89
HGDP00765,EAS,87
HGDP00766,EAS,88
HGDP00767,EAS,96
HGDP00768,EAS,84
HGDP00769,EAS,88
HGDP00771,EAS,73
HGDP00772,EAS,75
HGDP00773,EAS,77
HGDP00774,EAS,91
HGDP00775,EAS,58
HGDP00776,EAS,82
HGDP00777,EAS,78
HGDP00779,EAS,81
HGDP00780,EAS,82
HGDP00781,EAS,84
HGDP00782,EAS,88
HGDP00783,EAS,70
HGDP00784,EAS,80
HGDP00785,EAS,62
HGDP00786,EAS,104
HGDP00787,OCN,80
HGDP00788,OCN,60
HGDP00790,EAS,86
HGDP00791,EAS,94
HGDP00794,EUR,69
HGDP00795,EUR,72
HGDP00797,EUR,81
HGDP00798,EUR,73
HGDP00799,EUR,74
HGDP00800,EUR,70
HGDP00802,EUR,88
HGDP00803,EUR,70
HGDP00804,EUR,72
HGDP00805,EUR,80
HGDP00806,EUR,61
HGDP00807,EUR,96
HGDP00808,EUR,83
HGDP00810,EUR,74
HGDP00811,EAS,82
HGDP00812,EAS,85
HGDP00813,EAS,83
HGDP00814,EAS,86
HGDP00815,EAS,87
HGDP00817,EAS,82
HGDP00818,EAS,97
HGDP00819,EAS,84
HGDP00820,EAS,83
HGDP00821,EAS,86
HGDP00822,EAS,109
HGDP00823,OCN,64
HGDP00828,EAS,90
HGDP00832,AMR,83
HGDP00837,AMR,63
HGDP00838,AMR,77
HGDP00843,AMR,64
HGDP00845,AMR,74
HGDP00846,AMR,61
HGDP00849,AMR,69
HGDP00852,AMR,72
HGDP00854,AMR,90
HGDP00855,AMR,66
HGDP00856,AMR,66
HGDP00857,AMR,65
HGDP00858,AMR,71
HGDP00859,AMR,90
HGDP00860,AMR,86
HGDP00861,AMR,83
HGDP00862,AMR,78
HGDP00863,AMR,80
HGDP00864,AMR,89
HGDP00865,AMR,93
HGDP00868,AMR,81
HGDP00869,AMR,84
HGDP00870,AMR,78
HGDP00871,AMR,92
HGDP00872,AMR,89
HGDP00873,AMR,79
HGDP00875,AMR,73
HGDP00876,AMR,91
HGDP00877,AMR,56
HGDP00879,EUR,88
HGDP00880,EUR,72
HGDP00881,EUR,79
HGDP00882,EUR,79
HGDP00883,EUR,71
HGDP00884,EUR,72
HGDP00885,EUR,76
HGDP00886,EUR,86
HGDP00887,EUR,54
HGDP00888,EUR,77
HGDP00889,EUR,74
HGDP00890,EUR,76
HGDP00891,EUR,86
HGDP00892,EUR,79
HGDP00893,EUR,81
HGDP00894,EUR,74
HGDP00895,EUR,84
HGDP00896,EUR,72
HGDP00897,EUR,90
HGDP00898,EUR,87
HGDP00899,EUR,80
HGDP00900,EUR,84
HGDP00901,EUR,88
HGDP00902,EUR,71
HGDP00903,EUR,64
HGDP00904,AFR,83
HGDP00905,AFR,85
HGDP00906,AFR,118
HGDP00907,AFR,83
HGDP00908,AFR,79
HGDP00909,AFR,119
HGDP00910,AFR,78
HGDP00911,AFR,73
HGDP00912,AFR,106
HGDP00913,AFR,107
HGDP00914,AFR,75
HGDP00915,AFR,95
HGDP00916,AFR,90
HGDP00917,AFR,106
HGDP00918,AFR,89
HGDP00919,AFR,90
HGDP00920,AFR,81
HGDP00924,AFR,75
HGDP00925,AFR,80
HGDP00926,AFR,76
HGDP00928,AFR,81
HGDP00929,AFR,82
HGDP00930,AFR,125
HGDP00931,AFR,99
HGDP00932,AFR,81
HGDP00933,AFR,75
HGDP00934,AFR,84
HGDP00935,AFR,72
HGDP00936,AFR,63
HGDP00937,AFR,96
HGDP00938,AFR,81
HGDP00939,AFR,79
HGDP00940,AFR,72
HGDP00941,AFR,89
HGDP00942,AFR,85
HGDP00943,AFR,79
HGDP00944,AFR,74
HGDP00945,EAS,72
HGDP00946,EAS,89
HGDP00947,EAS,84
HGDP00948,EAS,62
HGDP00949,EAS,82
HGDP00950,EAS,97
HGDP00951,CAS,81
HGDP00952,EAS,82
HGDP00953,EAS,101
HGDP00954,EAS,92
HGDP00955,EAS,97
HGDP00956,CAS,76
HGDP00957,EAS,102
HGDP00958,EAS,102
HGDP00959,EAS,84
HGDP00960,EAS,63
HGDP00961,EAS,86
HGDP00962,EAS,104
HGDP00963,EAS,87
HGDP00964,EAS,86
HGDP00965,EAS,83
HGDP00966,EAS,80
HGDP00967,EAS,92
HGDP00968,EAS,91
HGDP00969,EAS,89
HGDP00970,AMR,73
HGDP00971,EAS,94
HGDP00972,EAS,84
HGDP00973,EAS,82
HGDP00974,EAS,90
HGDP00975,EAS,92
HGDP00976,EAS,85
HGDP00981,AFR,78
HGDP00982,AFR,68
HGDP00983,AFR,91
HGDP00984,AFR,80
HGDP00985,AFR,87
HGDP00986,AFR,79
HGDP00987,AFR,84
HGDP00991,AFR,87
HGDP00992,AFR,102
HGDP00993,AFR,74
HGDP00994,AFR,83
HGDP00995,AMR,83
HGDP00999,AMR,77
HGDP01001,AMR,76
HGDP01006,AMR,89
HGDP01009,AMR,70
HGDP01010,AMR,86
HGDP01012,AMR,56
HGDP01013,AMR,67
HGDP01014,AMR,79
HGDP01015,AMR,48
HGDP01018,AMR,68
HGDP01019,AMR,82
HGDP01021,EAS,83
HGDP01023,EAS,86
HGDP01024,EAS,78
HGDP01027,OCN,84
HGDP01028,AFR,81
HGDP01029,AFR,138
HGDP01030,AFR,107
HGDP01031,AFR,73
HGDP01032,AFR,90
HGDP01033,AFR,119
HGDP01034,AFR,82
HGDP01035,AFR,88
HGDP01036,AFR,81
HGDP01037,AMR,63
HGDP01041,AMR,81
HGDP01044,AMR,57
HGDP01047,AMR,68
HGDP01050,AMR,58
HGDP01051,AMR,84
HGDP01053,AMR,75
HGDP01055,AMR,80
HGDP01056,AMR,90
HGDP01057,AMR,78
HGDP01058,AMR,66
HGDP01059,AMR,81
HGDP01060,AMR,99
HGDP01062,EUR,88
HGDP01063,EUR,77
HGDP01064,EUR,74
HGDP01065,EUR,77
HGDP01066,EUR,71
HGDP01067,EUR,86
HGDP01068,EUR,72
HGDP01069,EUR,86
HGDP01070,EUR,85
HGDP01071,EUR,86
HGDP01072,EUR,70
HGDP01073,EUR,74
HGDP01075,EUR,82
HGDP01076,EUR,46
HGDP01077,EUR,76
HGDP01078,EUR,57
HGDP01079,EUR,66
HGDP01081,AFR,122
HGDP01086,AFR,91
HGDP01087,AFR,73
HGDP01090,AFR,87
HGDP01092,AFR,99
HGDP01094,AFR,83
HGDP01095,EAS,64
HGDP01096,EAS,67
HGDP01097,EAS,64
HGDP01098,EAS,58
HGDP01099,EAS,61
HGDP01100,EAS,89
HGDP01101,EAS,78
HGDP01102,EAS,78
HGDP01103,EAS,90
HGDP01104,EAS,87
HGDP01149,EUR,69
HGDP01151,EUR,71
HGDP01152,EUR,79
HGDP01153,EUR,71
HGDP01155,EUR,78
HGDP01156,EUR,76
HGDP01157,EUR,79
HGDP01161,EUR,71
HGDP01162,EUR,93
HGDP01163,EUR,56
HGDP01164,EUR,74
HGDP01166,EUR,79
HGDP01167,EUR,78
HGDP01168,EUR,61
HGDP01169,EUR,64
HGDP01171,EUR,80
HGDP01172,EUR,61
HGDP01173,EUR,71
HGDP01174,EUR,74
HGDP01177,EUR,86
HGDP01179,EAS,70
HGDP01180,EAS,77
HGDP01181,EAS,74
HGDP01182,EAS,93
HGDP01183,EAS,79
HGDP01184,EAS,89
HGDP01185,EAS,86
HGDP01186,EAS,87
HGDP01187,EAS,79
HGDP01188,EAS,55
HGDP01189,EAS,65
HGDP01190,EAS,66
HGDP01191,EAS,75
HGDP01192,EAS,67
HGDP01193,EAS,81
HGDP01194,EAS,88
HGDP01195,EAS,73
HGDP01196,EAS,85
HGDP01197,EAS,97
HGDP01198,EAS,61
HGDP01199,AFR,94
HGDP01200,AFR,98
HGDP01201,AFR,79
HGDP01202,AFR,96
HGDP01204,EAS,102
HGDP01205,EAS,81
HGDP01206,EAS,98
HGDP01207,EAS,86
HGDP01208,EAS,90
HGDP01209,EAS,100
HGDP01211,EAS,77
HGDP01212,EAS,89
HGDP01213,EAS,78
HGDP01214,EAS,71
HGDP01216,EAS,79
HGDP01217,EAS,96
HGDP01218,EAS,88
HGDP01219,EAS,120
HGDP01220,EAS,85
HGDP01221,EAS,81
HGDP01222,EAS,72
HGDP01223,CAS,62
HGDP01224,EAS,67
HGDP01225,EAS,55
HGDP01226,EAS,63
HGDP01227,EAS,95
HGDP01228,CAS,70
HGDP01229,EAS,94
HGDP01230,EAS,87
HGDP01231,EAS,76
HGDP01232,EAS,90
HGDP01233,EAS,83
HGDP01234,EAS,82
HGDP01236,EAS,81
HGDP01237,EAS,94
HGDP01238,EAS,75
HGDP01239,EAS,75
HGDP01240,EAS,76
HGDP01241,EAS,87
HGDP01242,EAS,73
HGDP01243,EAS,66
HGDP01244,EAS,50
HGDP01245,EAS,69
HGDP01246,EAS,74
HGDP01247,EAS,87
HGDP01248,EAS,95
HGDP01249,EAS,87
HGDP01250,EAS,70
HGDP01251,EAS,95
HGDP01253,AFR,63
HGDP01254,WAS,84
HGDP01255,WAS,76
HGDP01256,WAS,50
HGDP01257,WAS,53
HGDP01258,WAS,76
HGDP01259,WAS,82
HGDP01260,WAS,83
HGDP01261,WAS,91
HGDP01262,WAS,92
HGDP01263,WAS,86
HGDP01264,WAS,73
HGDP01265,WAS,68
HGDP01267,WAS,87
HGDP01268,WAS,78
HGDP01269,WAS,77
HGDP01270,WAS,105
HGDP01271,WAS,91
HGDP01272,WAS,71
HGDP01273,WAS,74
HGDP01274,AFR,64
HGDP01275,WAS,88
HGDP01276,WAS,82
HGDP01277,WAS,86
HGDP01279,WAS,71
HGDP01280,WAS,85
HGDP01282,WAS,86
HGDP01283,AFR,79
HGDP01285,AFR,75
HGDP01286,AFR,66
HGDP01287,EAS,88
HGDP01288,EAS,88
HGDP01289,EAS,79
HGDP01290,EAS,90
HGDP01291,EAS,92
HGDP01292,EAS,80
HGDP01293,EAS,80
HGDP01294,EAS,88
HGDP01295,EAS,99
HGDP01296,EAS,76
HGDP01297,EAS,76
HGDP01298,SAS,58
HGDP01299,SAS,74
HGDP01300,SAS,70
HGDP01301,SAS,71
HGDP01302,SAS,89
HGDP01303,SAS,75
HGDP01304,SAS,87
HGDP01305,SAS,95
HGDP01306,EAS,58
HGDP01308,EAS,57
HGDP01309,EAS,93
HGDP01310,EAS,76
HGDP01311,EAS,95
HGDP01312,EAS,69
HGDP01313,EAS,93
HGDP01314,EAS,67
HGDP01315,EAS,71
HGDP01316,EAS,86
HGDP01317,EAS,92
HGDP01318,EAS,80
HGDP01319,EAS,74
HGDP01320,EAS,71
HGDP01321,EAS,93
HGDP01322,EAS,87
HGDP01323,EAS,65
HGDP01326,EAS,82
HGDP01327,EAS,88
HGDP01328,EAS,84
HGDP01329,EAS,90
HGDP01330,EAS,80
HGDP01331,EAS,89
HGDP01332,EAS,89
HGDP01333,EAS,65
HGDP01334,EAS,76
HGDP01335,EAS,62
HGDP01336,EAS,89
HGDP01337,EAS,91
HGDP01338,EAS,74
HGDP01339,EAS,79
HGDP01340,EAS,81
HGDP01341,EAS,91
HGDP01342,EAS,76
HGDP01344,EAS,72
HGDP01345,EAS,74
HGDP01346,EAS,76
HGDP01347,EAS,68
HGDP01348,EAS,86
HGDP01349,EAS,82
HGDP01350,EAS,70
HGDP01351,EAS,88
HGDP01352,EAS,80
HGDP01353,EAS,89
HGDP01354,EAS,99
HGDP01355,EAS,77
HGDP01356,EAS,85
HGDP01357,EUR,78
HGDP01358,EUR,76
HGDP01359,EUR,74
HGDP01360,EUR,75
HGDP01361,EUR,72
HGDP01362,EUR,73
HGDP01363,EUR,67
HGDP01364,EUR,52
HGDP01365,EUR,54
HGDP01366,EUR,69
HGDP01367,EUR,74
HGDP01368,EUR,83
HGDP01369,EUR,81
HGDP01370,EUR,77
HGDP01371,EUR,69
HGDP01372,EUR,69
HGDP01373,EUR,73
HGDP01374,EUR,80
HGDP01375,EUR,73
HGDP01376,EUR,80
HGDP01377,EUR,62
HGDP01378,EUR,69
HGDP01379,EUR,71
HGDP01380,EUR,79
HGDP01381,EUR,70
HGDP01382,EUR,79
HGDP01383,EUR,53
HGDP01384,EUR,79
HGDP01385,EUR,53
HGDP01386,EUR,76
HGDP01387,EUR,75
HGDP01388,EUR,65
HGDP01396,EUR,55
HGDP01397,EUR,81
HGDP01398,EUR,78
HGDP01399,EUR,71
HGDP01400,EUR,79
HGDP01401,EUR,56
HGDP01402,EUR,64
HGDP01403,EUR,83
HGDP01404,EUR,77
HGDP01405,AFR,63
HGDP01406,AFR,84
HGDP01408,AFR,85
HGDP01411,AFR,78
HGDP01412,AFR,92
HGDP01413,AFR,80
HGDP01414,AFR,87
HGDP01415,AFR,72
HGDP01416,AFR,65
HGDP01417,AFR,86
HGDP01418,AFR,73
HGDP01419,AFR,83
I1,SAS,69
I3,SAS,67
Igor20,OCN,69
Igor21,OCN,66
IHW9118,OCN,48
IHW9193,OCN,51
iran11,EUR,66
iran17,EUR,53
IraqiJew1771,EUR,52
IraqiJew4291,EUR,56
Jordan214,EUR,73
Jordan445,EUR,80
Jordan603,EUR,61
K1,SAS,56
K4,SAS,63
Kayseri23827,EUR,56
Kayseri24424,EUR,73
KD4,SAS,62
Kor82,CAS,59
Kusunda02,SAS,76
Kusunda15,SAS,62
lez42,EUR,66
lez49,EUR,64
M13,SAS,63
M4,SAS,63
Mansi41,CAS,56
Mansi79,CAS,61
mg27,EUR,62
mg31,EUR,60
mixa0099,AMR,66
mixa0105,AMR,65
mixe0002,AMR,64
mixe0007,AMR,58
mixe0042,AMR,59
ML2,SAS,66
ML3,SAS,69
NA00726,EAS,77
NA06984,EUR,68
NA06985,EUR,56
NA06986,EUR,62
NA06989,EUR,64
NA06993,EUR,74
NA06994,EUR,76
NA07000,EUR,80
NA07022,EUR,69
NA07031,EUR,76
NA07034,EUR,54
NA07037,EUR,76
NA07045,EUR,74
NA07051,EUR,72
NA07055,EUR,79
NA07056,EUR,69
NA07345,EUR,75
NA07346,EUR,84
NA07347,EUR,72
NA07357,EUR,73
NA07435,EUR,72
NA11200,AMR,52
NA11201,AMR,57
NA11829,EUR,72
NA11830,EUR,75
NA11831,EUR,68
NA11832,EUR,72
NA11839,EUR,65
NA11840,EUR,68
NA11843,EUR,67
NA11881,EUR,71
NA11882,EUR,76
NA11891,EUR,69
NA11892,EUR,78
NA11893,EUR,76
NA11894,EUR,68
NA11917,EUR,69
NA11918,EUR,56
NA11919,EUR,65
NA11920,EUR,74
NA11930,EUR,74
NA11931,EUR,67
NA11932,EUR,71
NA11933,EUR,79
NA11992,EUR,70
NA11993,EUR,81
NA11994,EUR,59
NA11995,EUR,71
NA12003,EUR,68
NA12004,EUR,60
NA12005,EUR,70
NA12006,EUR,78
NA12043,EUR,66
NA12044,EUR,58
NA12045,EUR,77
NA12046,EUR,70
NA12056,EUR,69
NA12057,EUR,74
NA12058,EUR,77
NA12144,EUR,78
NA12145,EUR,71
NA12146,EUR,78
NA12154,EUR,78
NA12155,EUR,75
NA12156,EUR,71
NA12234,EUR,72
NA12236,EUR,62
NA12239,EUR,84
NA12248,EUR,73
NA12249,EUR,63
NA12264,EUR,64
NA12272,EUR,62
NA12273,EUR,70
NA12274,EUR,67
NA12275,EUR,62
NA12282,EUR,66
NA12283,EUR,71
NA12286,EUR,69
NA12287,EUR,62
NA12340,EUR,65
NA12341,EUR,79
NA12342,EUR,59
NA12343,EUR,80
NA12347,EUR,78
NA12348,EUR,81
NA12383,EUR,64
NA12399,EUR,67
NA12400,EUR,78
NA12413,EUR,65
NA12414,EUR,67
NA12489,EUR,67
NA12546,EUR,83
NA12716,EUR,76
NA12717,EUR,76
NA12718,EUR,76
NA12748,EUR,75
NA12749,EUR,71
NA12750,EUR,64
NA12751,EUR,64
NA12760,EUR,64
NA12761,EUR,75
NA12762,EUR,70
NA12763,EUR,63
NA12775,EUR,74
NA12776,EUR,76
NA12777,EUR,68
NA12778,EUR,81
NA12812,EUR,65
NA12813,EUR,69
NA12814,EUR,56
NA12815,EUR,65
NA12827,EUR,67
NA12828,EUR,73
NA12829,EUR,78
NA12830,EUR,71
NA12842,EUR,66
NA12843,EUR,75
NA12872,EUR,67
NA12873,EUR,67
NA12874,EUR,61
NA12875,EUR,67
NA12889,EUR,67
NA12890,EUR,63
NA12891,EUR,69
NA12892,EUR,67
NA13604,EAS,69
NA13607,EAS,61
NA13616,EAS,53
NA15202,EUR,61
NA15203,EUR,67
NA15728,SAS,53
NA15761,EUR,55
NA15763,EUR,62
NA17374,EUR,55
NA17377,EUR,52
NA17385,OCN,62
NA17386,OCN,59
NA18486,AFR,84
NA18487,AFR,93
NA18488,AFR,90
NA18489,AFR,98
NA18498,AFR,90
NA18499,AFR,80
NA18501,AFR,85
NA18502,AFR,89
NA18504,AFR,81
NA18505,AFR,101
NA18507,AFR,94
NA18508,AFR,103
NA18510,AFR,85
NA18511,AFR,84
NA18516,AFR,98
NA18517,AFR,88
NA18519,AFR,78
NA18520,AFR,81
NA18522,AFR,87
NA18523,AFR,109
NA18525,EAS,75
NA18526,EAS,66
NA18528,EAS,70
NA18530,EAS,78
NA18531,EAS,71
NA18532,EAS,71
NA18533,EAS,72
NA18534,EAS,83
NA18535,EAS,80
NA18536,EAS,73
NA18537,EAS,87
NA18538,EAS,84
NA18539,EAS,81
NA18541,EAS,76
NA18542,EAS,78
NA18543,EAS,78
NA18544,EAS,85
NA18545,EAS,74
NA18546,EAS,74
NA18547,EAS,80
NA18548,EAS,81
NA18549,EAS,87
NA18550,EAS,90
NA18552,EAS,77
NA18553,EAS,68
NA18555,EAS,81
NA18557,EAS,76
NA18558,EAS,79
NA18559,EAS,80
NA18560,EAS,80
NA18561,EAS,78
NA18562,EAS,92
NA18563,EAS,70
NA18564,EAS,71
NA18565,EAS,77
NA18566,EAS,80
NA18567,EAS,78
NA18570,EAS,84
NA18571,EAS,80
NA18572,EAS,76
NA18573,EAS,72
NA18574,EAS,81
NA18577,EAS,72
NA18579,EAS,68
NA18582,EAS,83
NA18591,EAS,60
NA18592,EAS,81
NA18593,EAS,85
NA18595,EAS,76
NA18596,EAS,74
NA18597,EAS,89
NA18599,EAS,85
NA18602,EAS,64
NA18603,EAS,76
NA18605,EAS,80
NA18606,EAS,70
NA18608,EAS,71
NA18609,EAS,66
NA18610,EAS,88
NA18611,EAS,75
NA18612,EAS,76
NA18613,EAS,78
NA18614,EAS,70
NA18615,EAS,84
NA18616,EAS,80
NA18617,EAS,82
NA18618,EAS,98
NA18619,EAS,77
NA18620,EAS,81
NA18621,EAS,73
NA18622,EAS,86
NA18623,EAS,78
NA18624,EAS,72
NA18625,EAS,82
NA18626,EAS,90
NA18627,EAS,93
NA18628,EAS,77
NA18629,EAS,77
NA18630,EAS,80
NA18631,EAS,77
NA18632,EAS,79
NA18633,EAS,84
NA18634,EAS,85
NA18635,EAS,84
NA18636,EAS,77
NA18637,EAS,86
NA18638,EAS,87
NA18639,EAS,79
NA18640,EAS,77
NA18641,EAS,63
NA18642,EAS,77
NA18643,EAS,72
NA18644,EAS,79
NA18645,EAS,77
NA18646,EAS,81
NA18647,EAS,80
NA18648,EAS,79
NA18740,EAS,83
NA18745,EAS,70
NA18747,EAS,81
NA18748,EAS,71
NA18749,EAS,83
NA18757,EAS,69
NA18852,AFR,110
NA18853,AFR,110
NA18855,AFR,97
NA18856,AFR,97
NA18858,AFR,89
NA18859,AFR,104
NA18861,AFR,107
NA18862,AFR,106
NA18864,AFR,79
NA18865,AFR,85
NA18867,AFR,100
NA18868,AFR,97
NA18870,AFR,90
NA18871,AFR,109
NA18873,AFR,101
NA18874,AFR,96
NA18876,AFR,98
NA18877,AFR,103
NA18878,AFR,106
NA18881,AFR,104
NA18907,AFR,88
NA18908,AFR,99
NA18909,AFR,94
NA18910,AFR,103
NA18912,AFR,89
NA18913,AFR,91
NA18915,AFR,97
NA18916,AFR,99
NA18917,AFR,94
NA18923,AFR,98
NA18924,AFR,87
NA18933,AFR,79
NA18934,AFR,91
NA18939,EAS,89
NA18940,EAS,79
NA18941,EAS,78
NA18942,EAS,86
NA18943,EAS,71
NA18944,EAS,73
NA18945,EAS,71
NA18946,EAS,81
NA18947,EAS,73
NA18948,EAS,75
NA18949,EAS,76
NA18950,EAS,67
NA18951,EAS,79
NA18952,EAS,79
NA18953,EAS,74
NA18954,EAS,87
NA18956,EAS,73
NA18957,EAS,70
NA18959,EAS,87
NA18960,EAS,83
NA18961,EAS,72
NA18962,EAS,88
NA18963,EAS,72
NA18964,EAS,78
NA18965,EAS,73
NA18966,EAS,73
NA18967,EAS,78
NA18968,EAS,80
NA18969,EAS,75
NA18970,EAS,81
NA18971,EAS,80
NA18972,EAS,79
NA18973,EAS,78
NA18974,EAS,79
NA18975,EAS,70
NA18976,EAS,81
NA18977,EAS,69
NA18978,EAS,87
NA18979,EAS,84
NA18980,EAS,67
NA18981,EAS,70
NA18982,EAS,80
NA18983,EAS,71
NA18984,EAS,77
NA18985,EAS,82
NA18986,EAS,83
NA18987,EAS,79
NA18988,EAS,70
NA18989,EAS,72
NA18990,EAS,84
NA18991,EAS,68
NA18992,EAS,86
NA18993,EAS,82
NA18994,EAS,73
NA18995,EAS,75
NA18997,EAS,77
NA18998,EAS,80
NA18999,EAS,73
NA19000,EAS,82
NA19001,EAS,78
NA19002,EAS,86
NA19003,EAS,85
NA19004,EAS,80
NA19005,EAS,80
NA19006,EAS,70
NA19007,EAS,79
NA19009,EAS,66
NA19010,EAS,84
NA19011,EAS,82
NA19012,EAS,70
NA19017,AFR,90
NA19019,AFR,87
NA19020,AFR,100
NA19023,AFR,84
NA19024,AFR,81
NA19025,AFR,91
NA19026,AFR,95
NA19027,AFR,88
NA19028,AFR,83
NA19030,AFR,87
NA19031,AFR,103
NA19035,AFR,93
NA19036,AFR,92
NA19037,AFR,103
NA19038,AFR,99
NA19041,AFR,93
NA19042,AFR,88
NA19043,AFR,78
NA19044,AFR,92
NA19054,EAS,71
NA19055,EAS,81
NA19056,EAS,81
NA19057,EAS,75
NA19058,EAS,74
NA19059,EAS,89
NA19060,EAS,78
NA19062,EAS,72
NA19063,EAS,88
NA19064,EAS,81
NA19065,EAS,81
NA19066,EAS,81
NA19067,EAS,76
NA19068,EAS,65
NA19070,EAS,79
NA19072,EAS,81
NA19074,EAS,78
NA19075,EAS,69
NA19076,EAS,74
NA19077,EAS,75
NA19078,EAS,73
NA19079,EAS,82
NA19080,EAS,85
NA19081,EAS,79
NA19082,EAS,81
NA19083,EAS,84
NA19084,EAS,86
NA19085,EAS,87
NA19086,EAS,70
NA19087,EAS,76
NA19088,EAS,78
NA19089,EAS,79
NA19090,EAS,86
NA19091,EAS,62
NA19092,AFR,93
NA19093,AFR,89
NA19095,AFR,95
NA19096,AFR,99
NA19098,AFR,102
NA19099,AFR,99
NA19101,AFR,98
NA19102,AFR,101
NA19107,AFR,101
NA19108,AFR,90
NA19113,AFR,92
NA19114,AFR,95
NA19116,AFR,100
NA19117,AFR,88
NA19118,AFR,90
NA19119,AFR,84
NA19121,AFR,82
NA19122,AFR,103
NA19127,AFR,106
NA19128,AFR,110
NA19130,AFR,95
NA19131,AFR,94
NA19137,AFR,107
NA19138,AFR,85
NA19140,AFR,94
NA19141,AFR,89
NA19143,AFR,86
NA19144,AFR,105
NA19146,AFR,101
NA19147,AFR,105
NA19149,AFR,100
NA19150,AFR,102
NA19152,AFR,92
NA19153,AFR,97
NA19159,AFR,96
NA19160,AFR,102
NA19171,AFR,89
NA19172,AFR,97
NA19175,AFR,88
NA19176,AFR,93
NA19184,AFR,86
NA19185,AFR,102
NA19189,AFR,97
NA19190,AFR,94
NA19197,AFR,99
NA19198,AFR,94
NA19200,AFR,93
NA19201,AFR,88
NA19203,AFR,89
NA19204,AFR,93
NA19206,AFR,94
NA19207,AFR,92
NA19209,AFR,102
NA19210,AFR,101
NA19213,AFR,83
NA19214,AFR,99
NA19222,AFR,94
NA19223,AFR,105
NA19225,AFR,92
NA19226,AFR,104
NA19235,AFR,99
NA19236,AFR,101
NA19238,AFR,103
NA19239,AFR,91
NA19247,AFR,103
NA19248,AFR,100
NA19256,AFR,90
NA19257,AFR,105
NA19307,AFR,97
NA19308,AFR,85
NA19309,AFR,94
NA19310,AFR,106
NA19312,AFR,80
NA19314,AFR,91
NA19315,AFR,87
NA19316,AFR,88
NA19317,AFR,90
NA19318,AFR,80
NA19319,AFR,92
NA19320,AFR,95
NA19321,AFR,113
NA19323,AFR,92
NA19324,AFR,89
NA19327,AFR,98
NA19328,AFR,92
NA19331,AFR,104
NA19332,AFR,86
NA19334,AFR,98
NA19338,AFR,104
NA19346,AFR,77
NA19347,AFR,94
NA19350,AFR,83
NA19351,AFR,94
NA19355,AFR,98
NA19360,AFR,97
NA19372,AFR,88
NA19374,AFR,103
NA19375,AFR,85
NA19376,AFR,95
NA19377,AFR,97
NA19378,AFR,93
NA19379,AFR,93
NA19380,AFR,93
NA19383,AFR,92
NA19384,AFR,97
NA19385,AFR,94
NA19390,AFR,101
NA19391,AFR,93
NA19393,AFR,93
NA19394,AFR,79
NA19395,AFR,78
NA19397,AFR,89
NA19399,AFR,111
NA19401,AFR,91
NA19403,AFR,99
NA19404,AFR,91
NA19428,AFR,95
NA19429,AFR,98
NA19430,AFR,111
NA19431,AFR,110
NA19434,AFR,95
NA19435,AFR,95
NA19436,AFR,85
NA19437,AFR,91
NA19438,AFR,98
NA19439,AFR,102
NA19440,AFR,95
NA19443,AFR,99
NA19445,AFR,94
NA19446,AFR,101
NA19448,AFR,97
NA19449,AFR,103
NA19451,AFR,90
NA19452,AFR,109
NA19454,AFR,95
NA19455,AFR,99
NA19456,AFR,92
NA19457,AFR,115
NA19461,AFR,100
NA19462,AFR,102
NA19463,AFR,94
NA19466,AFR,93
NA19467,AFR,96
NA19468,AFR,106
NA19471,AFR,88
NA19472,AFR,96
NA19473,AFR,86
NA19474,AFR,106
NA19475,AFR,94
NA19625,AFR,91
NA19648,AMR,65
NA19649,AMR,75
NA19651,AMR,80
NA19652,AMR,82
NA19654,AMR,62
NA19655,AMR,81
NA19657,AMR,82
NA19658,AMR,84
NA19660,AMR,72
NA19661,AMR,72
NA19663,AMR,79
NA19664,AMR,77
NA19669,AMR,77
NA19670,AMR,75
NA19676,AMR,70
NA19678,AMR,79
NA19679,AMR,76
NA19681,AMR,63
NA19682,AMR,72
NA19684,AMR,61
NA19700,AFR,92
NA19701,AFR,101
NA19703,AFR,95
NA19704,AFR,83
NA19707,AFR,93
NA19711,AFR,102
NA19712,AFR,89
NA19713,AFR,80
NA19716,AMR,74
NA19717,AMR,74
NA19719,AMR,76
NA19720,AMR,86
NA19722,AMR,75
NA19723,AMR,71
NA19725,AMR,75
NA19726,AMR,71
NA19728,AMR,74
NA19729,AMR,78
NA19731,AMR,83
NA19732,AMR,67
NA19734,AMR,80
NA19735,AMR,63
NA19740,AMR,78
NA19741,AMR,74
NA19746,AMR,68
NA19747,AMR,84
NA19749,AMR,65
NA19750,AMR,63
NA19752,AMR,66
NA19755,AMR,77
NA19756,AMR,76
NA19758,AMR,72
NA19759,AMR,78
NA19761,AMR,70
NA19762,AMR,76
NA19764,AMR,87
NA19770,AMR,76
NA19771,AMR,79
NA19773,AMR,68
NA19774,AMR,78
NA19776,AMR,68
NA19777,AMR,85
NA19779,AMR,78
NA19780,AMR,81
NA19782,AMR,83
NA19783,AMR,76
NA19785,AMR,86
NA19786,AMR,67
NA19788,AMR,75
NA19789,AMR,78
NA19792,AMR,79
NA19794,AMR,71
NA19795,AMR,81
NA19818,AFR,86
NA19819,AFR,91
NA19834,AFR,94
NA19835,AFR,95
NA19900,AFR,96
NA19901,AFR,93
NA19904,AFR,90
NA19908,AFR,94
NA19909,AFR,90
NA19914,AFR,87
NA19916,AFR,87
NA19917,AFR,95
NA19920,AFR,90
NA19921,AFR,87
NA19922,AFR,100
NA19923,AFR,90
NA19982,AFR,97
NA19984,AFR,94
NA20126,AFR,95
NA20127,AFR,99
NA20274,AFR,88
NA20276,AFR,108
NA20278,AFR,98
NA20281,AFR,91
NA20282,AFR,91
NA20287,AFR,94
NA20289,AFR,89
NA20291,AFR,82
NA20294,AFR,109
NA20296,AFR,93
NA20298,AFR,98
NA20299,AFR,82
NA20314,AFR,66
NA20317,AFR,101
NA20318,AFR,104
NA20320,AFR,93
NA20321,AFR,93
NA20332,AFR,89
NA20334,AFR,99
NA20339,AFR,98
NA20340,AFR,89
NA20342,AFR,91
NA20346,AFR,92
NA20348,AFR,92
NA20351,AFR,87
NA20355,AFR,95
NA20356,AFR,95
NA20359,AFR,93
NA20362,AFR,97
NA20412,AFR,85
NA20502,EUR,72
NA20503,EUR,69
NA20504,EUR,67
NA20505,EUR,78
NA20506,EUR,78
NA20507,EUR,70
NA20508,EUR,63
NA20509,EUR,73
NA20510,EUR,74
NA20511,EUR,71
NA20512,EUR,77
NA20513,EUR,71
NA20514,EUR,67
NA20515,EUR,65
NA20516,EUR,62
NA20517,EUR,68
NA20518,EUR,65
NA20519,EUR,81
NA20520,EUR,65
NA20521,EUR,73
NA20522,EUR,71
NA20524,EUR,66
NA20525,EUR,61
NA20527,EUR,82
NA20528,EUR,69
NA20529,EUR,81
NA20530,EUR,69
NA20531,EUR,69
NA20532,EUR,68
NA20533,EUR,77
NA20534,EUR,58
NA20535,EUR,72
NA20536,EUR,72
NA20538,EUR,63
NA20539,EUR,82
NA20540,EUR,69
NA20541,EUR,64
NA20542,EUR,69
NA20543,EUR,71
NA20544,EUR,66
NA20581,EUR,82
NA20582,EUR,76
NA20585,EUR,54
NA20586,EUR,76
NA20587,EUR,76
NA20588,EUR,71
NA20589,EUR,59
NA20752,EUR,67
NA20753,EUR,64
NA20754,EUR,66
NA20755,EUR,70
NA20756,EUR,71
NA20757,EUR,73
NA20758,EUR,69
NA20759,EUR,62
NA20760,EUR,70
NA20761,EUR,65
NA20762,EUR,75
NA20763,EUR,72
NA20764,EUR,71
NA20765,EUR,66
NA20766,EUR,71
NA20767,EUR,69
NA20768,EUR,78
NA20769,EUR,72
NA20770,EUR,67
NA20771,EUR,84
NA20772,EUR,72
NA20773,EUR,73
NA20774,EUR,65
NA20775,EUR,68
NA20778,EUR,70
NA20783,EUR,72
NA20785,EUR,74
NA20786,EUR,71
NA20787,EUR,71
NA20790,EUR,65
NA20792,EUR,66
NA20795,EUR,86
NA20796,EUR,75
NA20797,EUR,64
NA20798,EUR,66
NA20799,EUR,63
NA20800,EUR,76
NA20801,EUR,55
NA20802,EUR,78
NA20803,EUR,84
NA20804,EUR,73
NA20805,EUR,79
NA20806,EUR,62
NA20807,EUR,67
NA20808,EUR,73
NA20809,EUR,60
NA20810,EUR,77
NA20811,EUR,87
NA20812,EUR,65
NA20813,EUR,71
NA20814,EUR,76
NA20815,EUR,70
NA20818,EUR,82
NA20819,EUR,67
NA20821,EUR,61
NA20822,EUR,75
NA20826,EUR,83
NA20827,EUR,74
NA20828,EUR,69
NA20832,EUR,68
NA20845,SAS,81
NA20846,SAS,75
NA20847,SAS,80
NA20849,SAS,85
NA20850,SAS,80
NA20851,SAS,68
NA20852,SAS,66
NA20853,SAS,80
NA20854,SAS,73
NA20856,SAS,77
NA20858,SAS,66
NA20859,SAS,74
NA20861,SAS,79
NA20862,SAS,71
NA20863,SAS,72
NA20864,SAS,68
NA20866,SAS,74
NA20867,SAS,62
NA20868,SAS,84
NA20869,SAS,80
NA20870,SAS,77
NA20872,SAS,62
NA20874,SAS,80
NA20875,SAS,79
NA20876,SAS,83
NA20877,SAS,74
NA20878,SAS,82
NA20881,SAS,76
NA20884,SAS,88
NA20885,SAS,70
NA20886,SAS,68
NA20887,SAS,78
NA20888,SAS,72
NA20889,SAS,72
NA20890,SAS,72
NA20891,SAS,68
NA20892,SAS,71
NA20894,SAS,80
NA20895,SAS,86
NA20896,SAS,71
NA20897,SAS,83
NA20899,SAS,80
NA20900,SAS,81
NA20901,SAS,85
NA20902,SAS,82
NA20903,SAS,84
NA20904,SAS,75
NA20905,SAS,79
NA20906,SAS,77
NA20908,SAS,74
NA20910,SAS,72
NA20911,SAS,76
NA21086,SAS,83
NA21087,SAS,73
NA21088,SAS,71
NA21089,SAS,77
NA21090,SAS,71
NA21091,SAS,82
NA21092,SAS,75
NA21093,SAS,75
NA21094,SAS,94
NA21095,SAS,70
NA21097,SAS,80
NA21098,SAS,75
NA21099,SAS,71
NA21100,SAS,73
NA21101,SAS,72
NA21102,SAS,74
NA21103,SAS,69
NA21104,SAS,84
NA21105,SAS,70
NA21106,SAS,83
NA21107,SAS,81
NA21108,SAS,72
NA21109,SAS,72
NA21110,SAS,73
NA21111,SAS,72
NA21112,SAS,64
NA21113,SAS,80
NA21114,SAS,92
NA21115,SAS,78
NA21116,SAS,82
NA21117,SAS,78
NA21118,SAS,75
NA21119,SAS,80
NA21120,SAS,79
NA21122,SAS,76
NA21123,SAS,74
NA21124,SAS,75
NA21125,SAS,81
NA21126,SAS,78
NA21127,SAS,73
NA21128,SAS,72
NA21129,SAS,82
NA21130,SAS,94
NA21133,SAS,71
NA21135,SAS,77
NA21137,SAS,69
NA21141,SAS,70
NA21142,SAS,74
NA21143,SAS,75
NA21144,SAS,78
NA21490,AFR,78
NA21581,AFR,74
ND15865,EUR,53
ND19394,EAS,64
Nesk_22,CAS,62
Nesk_25,CAS,52
Nlk18,CAS,62
Nlk1,CAS,70
Nlk3,CAS,64
NOR111,EUR,60
NorthOssetia12,EUR,65
NorthOssetia5,EUR,81
Peru60,AMR,71
R3,SAS,76
R6,SAS,63
SA0342,AFR,99
SA0722,AFR,94
SAH31,AFR,59
SAH41,AFR,62
Sam02,EUR,57
Sir19,CAS,67
Sir26,CAS,59
Sir40,CAS,50
tdj409_shugnan,EUR,74
tdj430_shugnan,EUR,70
TGBS21,AMR,64
Tuba19,CAS,62
Tuba9,CAS,74
TZ-11,EUR,48
Ul31,CAS,73
Ul5,CAS,75
Utsa21,EUR,51
Utsa22,EUR,71
Y4,SAS,62
Y8,SAS,68
YemeniteJew4695,EUR,67
YemeniteJew5433,EUR,71
zapo0098,AMR,65
zapo0099,AMR,61
